{
  "Standard_Environment": {
    "D1": {
      "MAE": 0.23744933538949287,
      "RMSE": 0.546095384932557,
      "CRPS": 0.8864048582487543
    },
    "D2": {
      "MAE": 0.23744933538949287,
      "RMSE": 0.546095384932557,
      "CRPS": 0.8864048582487543
    },
    "D3": {
      "MAE": 0.2451081611447145,
      "RMSE": 0.5579925072144895,
      "CRPS": 0.903469049694599
    }
  },
  "OOD_Turbulence_Environment": {
    "D1": {
      "MAE": 0.3336160917161328,
      "RMSE": 0.6116761789177003,
      "CRPS": 1.174127359727235
    },
    "D2": {
      "MAE": 0.3336160917161328,
      "RMSE": 0.6116761789177003,
      "CRPS": 1.174127359727235
    },
    "D3": {
      "MAE": 0.3396128133487321,
      "RMSE": 0.6231276706453088,
      "CRPS": 1.1887321138008713
    }
  }
}