{
  "Standard_Environment": {
    "D1": {
      "MAE": 0.21509193518081976,
      "RMSE": 0.4927588125129356,
      "CRPS": 0.5752144099535276
    },
    "D2": {
      "MAE": 0.21503976098103733,
      "RMSE": 0.4929057766319316,
      "CRPS": 0.5753144797839352
    },
    "D3": {
      "MAE": 0.2187357340970841,
      "RMSE": 0.4997631671808615,
      "CRPS": 0.5840086833474145
    }
  },
  "OOD_Ocean_Current_Environment": {
    "D1": {
      "MAE": 0.5510192905152289,
      "RMSE": 0.8229557329469973,
      "CRPS": 1.3745592724168707
    },
    "D2": {
      "MAE": 0.5510340603454975,
      "RMSE": 0.8229365833681349,
      "CRPS": 1.3745804229274774
    },
    "D3": {
      "MAE": 0.5550034763744004,
      "RMSE": 0.8286325540258797,
      "CRPS": 1.3833266383630165
    }
  }
}