{
  "Standard_Environment": {
    "D1": {
      "MAE": 0.21654319367409325,
      "RMSE": 0.5046097506027493,
      "CRPS": 0.5498762177407928
    },
    "D2": {
      "MAE": 0.2166454793565969,
      "RMSE": 0.5046698259925044,
      "CRPS": 0.5501344104919317
    },
    "D3": {
      "MAE": 0.2206029870166765,
      "RMSE": 0.5127958408550689,
      "CRPS": 0.5595273902885801
    }
  },
  "OOD_Ocean_Current_Environment": {
    "D1": {
      "MAE": 0.4852868646731001,
      "RMSE": 0.7358333485822983,
      "CRPS": 1.2025300921334279
    },
    "D2": {
      "MAE": 0.48532708820872744,
      "RMSE": 0.7358331047851284,
      "CRPS": 1.2025099400079793
    },
    "D3": {
      "MAE": 0.4873090320456734,
      "RMSE": 0.7396533242921289,
      "CRPS": 1.2073515272847244
    }
  }
}