{
  "Standard_Environment": {
    "D1": {
      "MAE": 0.21464404832156908,
      "RMSE": 0.4984867434127259,
      "CRPS": 0.5400178952592215
    },
    "D2": {
      "MAE": 0.21453855451724058,
      "RMSE": 0.49817619430845633,
      "CRPS": 0.5398196459513853
    },
    "D3": {
      "MAE": 0.21912015875639965,
      "RMSE": 0.5054444815870526,
      "CRPS": 0.5507722104028079
    }
  },
  "OOD_Ocean_Current_Environment": {
    "D1": {
      "MAE": 0.6907020940718667,
      "RMSE": 0.9131154614473055,
      "CRPS": 1.7575096070531335
    },
    "D2": {
      "MAE": 0.690736811655942,
      "RMSE": 0.9133648978098687,
      "CRPS": 1.7576102562917602
    },
    "D3": {
      "MAE": 0.691647342130434,
      "RMSE": 0.9143265569215334,
      "CRPS": 1.75927512830789
    }
  }
}