{
  "Standard_Environment": {
    "D1": {
      "MAE": 0.20405896048068015,
      "RMSE": 0.4858689452732636,
      "CRPS": 0.507982271860419
    },
    "D2": {
      "MAE": 0.20405486425963396,
      "RMSE": 0.4857961568134677,
      "CRPS": 0.5078982373205091
    },
    "D3": {
      "MAE": 0.20785647474577051,
      "RMSE": 0.49183132881503605,
      "CRPS": 0.5169883186627714
    }
  },
  "OOD_Ocean_Current_Environment": {
    "D1": {
      "MAE": 0.3135972447333528,
      "RMSE": 0.5789433685310869,
      "CRPS": 0.8077859645387804
    },
    "D2": {
      "MAE": 0.313413793305019,
      "RMSE": 0.5788377404384609,
      "CRPS": 0.8074616808799969
    },
    "D3": {
      "MAE": 0.31748745223696273,
      "RMSE": 0.5840156721062612,
      "CRPS": 0.8168714727040076
    }
  }
}