{
  "Standard_Environment": {
    "D1": {
      "MAE": 0.210079601564486,
      "RMSE": 0.4885875179861888,
      "CRPS": 0.5206277358124125
    },
    "D2": {
      "MAE": 0.2100365704035252,
      "RMSE": 0.4885163249318924,
      "CRPS": 0.52046639505486
    },
    "D3": {
      "MAE": 0.2146530252741189,
      "RMSE": 0.4961336215815227,
      "CRPS": 0.5316139161931658
    }
  },
  "OOD_Ocean_Current_Environment": {
    "D1": {
      "MAE": 0.7207542331967672,
      "RMSE": 1.0352447892534664,
      "CRPS": 1.7865033544511844
    },
    "D2": {
      "MAE": 0.7208251496252889,
      "RMSE": 1.035259071014037,
      "CRPS": 1.7867762678948385
    },
    "D3": {
      "MAE": 0.7242403050378161,
      "RMSE": 1.0390131158044218,
      "CRPS": 1.7949664031596744
    }
  }
}