{
  "D1": {
    "MAE": 0.21035414927404827,
    "RMSE": 0.48767244900912243,
    "CRPS": 0.5187295161044577
  },
  "D2": {
    "MAE": 0.21023618867514915,
    "RMSE": 0.4876056678720801,
    "CRPS": 0.5185327069282525
  },
  "D3": {
    "MAE": 0.21450083667618444,
    "RMSE": 0.4944173200159116,
    "CRPS": 0.5293251464141742
  }
}