{
  "D1": {
    "MAE": 0.20796499552425002,
    "RMSE": 0.4856996206023936,
    "CRPS": 0.5204463893798834
  },
  "D2": {
    "MAE": 0.20795665258505117,
    "RMSE": 0.4857205757620937,
    "CRPS": 0.5205348838030378
  },
  "D3": {
    "MAE": 0.21244576904898516,
    "RMSE": 0.4929746523394404,
    "CRPS": 0.5311578638145806
  }
}