{
  "Standard_Environment": {
    "D1": {
      "MAE": 0.21374610616830886,
      "RMSE": 0.4935637796417334,
      "CRPS": 0.5338204916211853
    },
    "D2": {
      "MAE": 0.21376728679293777,
      "RMSE": 0.49352105408428276,
      "CRPS": 0.533779820262838
    },
    "D3": {
      "MAE": 0.21854352435885785,
      "RMSE": 0.5011465432412021,
      "CRPS": 0.5449408133479341
    }
  },
  "OOD_Ocean_Current_Environment": {
    "D1": {
      "MAE": 0.980471461602001,
      "RMSE": 1.295827617842097,
      "CRPS": 2.418444920982586
    },
    "D2": {
      "MAE": 0.9805524054226433,
      "RMSE": 1.296241890766159,
      "CRPS": 2.4184066837468965
    },
    "D3": {
      "MAE": 0.9829815977469379,
      "RMSE": 1.2994647188652144,
      "CRPS": 2.424309492739071
    }
  }
}